context,age_mean,age_median,age_p90,age_p99,frac_recent,frac_middle,frac_old
16384,7977.563301282052,7652.0952380952385,14959.904761904761,16310.190476190477,0.05512868208180708,0.4844735704110704,0.4603977475071226
4096,2102.1666579473585,2228.0,3761.4285714285716,4023.285714285714,0.019164312453497024,0.4096461704799107,0.5711895170665923
8192,3756.4183611188614,3589.9523809523807,7182.285714285715,7536.238095238095,0.0357666015625,0.5251348586309523,0.4390985398065476
