group,context,adjacent_overlap,locality_lift
correct,16384,0.717802301416256,5.720680294757211
correct,40960,0.6587912769274377,13.15301717295398
correct,4096,0.8685899125890513,1.710178948807546
correct,8192,0.7898285175290589,2.9111208563491027
